completion,prompt
PayBreeze,"Description: Processing payments for businesses on the internet for an easier checkout experience
Tags: payments, ecommerce, payment processing, online checkout"
CheckoutChampion,"Description: Processing payments for businesses on the internet for an easier checkout experience
Tags: payments, ecommerce, payment processing, online checkout"
ExpressCheckout,"Description: Processing payments for businesses on the internet for an easier checkout experience
Tags: payments, ecommerce, payment processing, online checkout"
DataDive,"Description: Making it easier to search for and access information by indexing the entire internet and delivering relevant results
Tags: search, information, search engine"
NetNexus,"Description: Making it easier to search for and access information by indexing the entire internet and delivering relevant results
Tags: search, information, search engine"
InfoFlow,"Description: Making it easier to search for and access information by indexing the entire internet and delivering relevant results
Tags: search, information, search engine"
BedHive,"Description: Online marketplace for short term home rentals
Tags: bed and breakfast, travel, gig economy, accommodation "
StayFlow,"Description: Online marketplace for short term home rentals
Tags: bed and breakfast, travel, gig economy, accommodation "
GigStay,"Description: Online marketplace for short term home rentals
Tags: bed and breakfast, travel, gig economy, accommodation "
RideHive,"Description: On demand ride hailing and transportation
Tags: gig economy, taxi, ride sharing, transportation, mobility as a service"
CarpoolCloud,"Description: On demand ride hailing and transportation
Tags: gig economy, taxi, ride sharing, transportation, mobility as a service"
UrbanMobilityFlow,"Description: On demand ride hailing and transportation
Tags: gig economy, taxi, ride sharing, transportation, mobility as a service"
DataChain,"Description: Using data to simplify the process of and lower the cost of shipping and exports
Tags: supply chain management, logistics, freight, shipping, data, exports"
ShipLogix,"Description: Using data to simplify the process of and lower the cost of shipping and exports
Tags: supply chain management, logistics, freight, shipping, data, exports"
ExportEase,"Description: Using data to simplify the process of and lower the cost of shipping and exports
Tags: supply chain management, logistics, freight, shipping, data, exports"
Funducate,"Description: Providing affordable options for taking on debt and funding your education
Tags: finance, fintech, online banking, student loans, personal finance, social finance"
Eduloans,"Description: Providing affordable options for taking on debt and funding your education
Tags: finance, fintech, online banking, student loans, personal finance, social finance"
SocialFinance Solutions,"Description: Providing affordable options for taking on debt and funding your education
Tags: finance, fintech, online banking, student loans, personal finance, social finance"
DefiSwap,"Description: Decentralized cryptocurrency exchange, acting as an automated market maker for users who want to swap one token for another token
Tags: decentralized finance, defi, decentralized, ethereum, cryptocurrency, tokens, automated market maker"
TokenTrade,"Description: Decentralized cryptocurrency exchange, acting as an automated market maker for users who want to swap one token for another token
Tags: decentralized finance, defi, decentralized, ethereum, cryptocurrency, tokens, automated market maker"
EthSwap,"Description: Decentralized cryptocurrency exchange, acting as an automated market maker for users who want to swap one token for another token
Tags: decentralized finance, defi, decentralized, ethereum, cryptocurrency, tokens, automated market maker"
CampusConnect,"Description: Universal face book for connecting your college campus
Tags: social network, social media, friends, college"
CollegeLink,"Description: Universal face book for connecting your college campus
Tags: social network, social media, friends, college"
UniversityFriends,"Description: Universal face book for connecting your college campus
Tags: social network, social media, friends, college"
MetaVRse,"Description: Providing a virtual experience for the next iteration of the internet
Tags: virtual reality, VR, metaverse, gaming"
VirtuoNet,"Description: Providing a virtual experience for the next iteration of the internet
Tags: virtual reality, VR, metaverse, gaming"
Gameverse,"Description: Providing a virtual experience for the next iteration of the internet
Tags: virtual reality, VR, metaverse, gaming"
MyWebPage,"Description: Your personalized home page to display for the rest of the internet
Tags: social network, social media, personal page, music"
MyMusicPage,"Description: Your personalized home page to display for the rest of the internet
Tags: social network, social media, personal page, music"
MySocialSpace,"Description: Your personalized home page to display for the rest of the internet
Tags: social network, social media, personal page, music"
FriendPhotos,"Description: Instantly share photos with your friends
Tags: photos, social media, media, videos, filters"
InstaShare,"Description: Instantly share photos with your friends
Tags: photos, social media, media, videos, filters"
QuickSnap,"Description: Instantly share photos with your friends
Tags: photos, social media, media, videos, filters"
NewsForum,"Description: Fostering online communities for sharing, reading, and posting news and information
Tags: social news, discussion, forum, community"
ShareNews,"Description: Fostering online communities for sharing, reading, and posting news and information
Tags: social news, discussion, forum, community"
DiscussInfo,"Description: Fostering online communities for sharing, reading, and posting news and information
Tags: social news, discussion, forum, community"
MicroBlog,"Description: Online discussion platform where users can share thoughts in a small text format
Tags: social media, social network, blog, text, discussion"
TextTalk,"Description: Online discussion platform where users can share thoughts in a small text format
Tags: social media, social network, blog, text, discussion"
DiscussWrite,"Description: Online discussion platform where users can share thoughts in a small text format
Tags: social media, social network, blog, text, discussion"
GroceryGo,"Description: Delivering groceries through online orders
Tags: delivery, web, internet, online delivery, grocery, grocery delivery"
WebDeliver,"Description: Delivering groceries through online orders
Tags: delivery, web, internet, online delivery, grocery, grocery delivery"
OnlineGroceries,"Description: Delivering groceries through online orders
Tags: delivery, web, internet, online delivery, grocery, grocery delivery"
PetSupplyShop,"Description: Online store for purchasing pets supplies
Tags: pets, online store, pet supplies"
PetMart,"Description: Online store for purchasing pets supplies
Tags: pets, online store, pet supplies"
PetSuppliesOnline,"Description: Online store for purchasing pets supplies
Tags: pets, online store, pet supplies"
BookWorld,"Description: World's largest bookstore
Tags: logistics, online marketplace, bookstore, e-commerce"
GlobalBooks,"Description: World's largest bookstore
Tags: logistics, online marketplace, bookstore, e-commerce"
TheBookstore,"Description: World's largest bookstore
Tags: logistics, online marketplace, bookstore, e-commerce"
GameLive,"Description: Video game live streaming service
Tags: gaming, live streaming, esports, content"
StreamPlay,"Description: Video game live streaming service
Tags: gaming, live streaming, esports, content"
EsportsLive,"Description: Video game live streaming service
Tags: gaming, live streaming, esports, content"
CompuTech,"Description: Offering software and services such as an operating system and computers
Tags: software, computing, personal computers, operating system, consumer electronics"
SystemSoft,"Description: Offering software and services such as an operating system and computers
Tags: software, computing, personal computers, operating system, consumer electronics"
ComputerSolutions,"Description: Offering software and services such as an operating system and computers
Tags: software, computing, personal computers, operating system, consumer electronics"
MovieOrder,"Description: Order movies and tv online
Tags: movies, tv, streaming, film"
FilmStream,"Description: Order movies and tv online
Tags: movies, tv, streaming, film"
TVOnline,"Description: Order movies and tv online
Tags: movies, tv, streaming, film"
StreamEvents,"Description: Creating and hosting live events for streamers
Tags: streamers, events, live events, brands, creators, live shows"
LiveShow,"Description: Creating and hosting live events for streamers
Tags: streamers, events, live events, brands, creators, live shows"
CreatorEvents,"Description: Creating and hosting live events for streamers
Tags: streamers, events, live events, brands, creators, live shows"
GameDevelop,"Description: Developing, publishing, and distributing video games
Tags: video games, gaming, game development"
GamePublish,"Description: Developing, publishing, and distributing video games
Tags: video games, gaming, game development"
GameDistribute,"Description: Developing, publishing, and distributing video games
Tags: video games, gaming, game development"
GhostKitchen,"Description: Remote, commercial kitchens built for food pickup and delivery
Tags: restaurant, ghost kitchen, food, food delivery"
FoodCentral,"Description: Remote, commercial kitchens built for food pickup and delivery
Tags: restaurant, ghost kitchen, food, food delivery"
PickupKitchen,"Description: Remote, commercial kitchens built for food pickup and delivery
Tags: restaurant, ghost kitchen, food, food delivery"
FlaskBottle,"Description: Portable and reusable water bottle to keep your drink hot or cold
Tags: water bottle, flask, cold water, water, beverage, thermos"
WaterThermos,"Description: Portable and reusable water bottle to keep your drink hot or cold
Tags: water bottle, flask, cold water, water, beverage, thermos"
HydroFlask,"Description: Portable and reusable water bottle to keep your drink hot or cold
Tags: water bottle, flask, cold water, water, beverage, thermos"
GameConsole,"Description: Video game console
Tags: gaming, console, video games, entertainment"
PlayConsole,"Description: Video game console
Tags: gaming, console, video games, entertainment"
GameBox,"Description: Video game console
Tags: gaming, console, video games, entertainment"
VideoShare,"Description: A place where people can upload and share videos 
Tags: video, social network, video sharing"
ShareVid,"Description: A place where people can upload and share videos 
Tags: video, social network, video sharing"
VidSocial,"Description: A place where people can upload and share videos 
Tags: video, social network, video sharing"
PayOnline,"Description: Online payments system to send money and pay for goods online
Tags: online payments, payments, money"
SendMoney,"Description: Online payments system to send money and pay for goods online
Tags: online payments, payments, money"
OnlinePayments,"Description: Online payments system to send money and pay for goods online
Tags: online payments, payments, money"
MarketEase,"Description: Online marketplace to buy and sell goods directly with other users
Tags: e-commerce, auction, goods and services, marketplace"
BuySellX,"Description: Online marketplace to buy and sell goods directly with other users
Tags: e-commerce, auction, goods and services, marketplace"
TradeEase,"Description: Online marketplace to buy and sell goods directly with other users
Tags: e-commerce, auction, goods and services, marketplace"
WebBrowser,"Description: Web browser for the internet
Tags: browser, internet"
NetNavigator,"Description: Web browser for the internet
Tags: browser, internet"
InternetSurfer,"Description: Web browser for the internet
Tags: browser, internet"
HighTechHardware,"Description: Providing high end computer parts and graphics
Tags: computer hardware, graphics cards, gaming"
EliteComponents,"Description: Providing high end computer parts and graphics
Tags: computer hardware, graphics cards, gaming"
GamingGraphics,"Description: Providing high end computer parts and graphics
Tags: computer hardware, graphics cards, gaming"
GamerVoices,"Description: Platform gamers to communicate with one another over voice
Tags: communication, social network, gaming, community, VoIP"
GameTalk,"Description: Platform gamers to communicate with one another over voice
Tags: communication, social network, gaming, community, VoIP"
GamingVoices,"Description: Platform gamers to communicate with one another over voice
Tags: communication, social network, gaming, community, VoIP"
PrivateTalk,"Description: Private communication platform for users to talk with each other over text
Tags: communication, group chat, text, security"
GroupChatX,"Description: Private communication platform for users to talk with each other over text
Tags: communication, group chat, text, security"
SecureText,"Description: Private communication platform for users to talk with each other over text
Tags: communication, group chat, text, security"
WorkChat,"Description: Instant messaging/communication platform for businesses 
Tags: communication, collaboration, workplace, instant messaging"
BusinessMessenger,"Description: Instant messaging/communication platform for businesses 
Tags: communication, collaboration, workplace, instant messaging"
CollaborateNow,"Description: Instant messaging/communication platform for businesses 
Tags: communication, collaboration, workplace, instant messaging"
DashSales,"Description: Dashboard and platform for companies to manage their sales and business
Tags: sales, dashboard, software as a service, saas, cloud"
CloudPlatform,"Description: Dashboard and platform for companies to manage their sales and business
Tags: sales, dashboard, software as a service, saas, cloud"
SaasWorks,"Description: Dashboard and platform for companies to manage their sales and business
Tags: sales, dashboard, software as a service, saas, cloud"
ProConnect,"Description: Social network connecting business professionals with prospective employees
Tags: social network, professional network, jobs, business professionals, opportunities, connections"
BizNetwork,"Description: Social network connecting business professionals with prospective employees
Tags: social network, professional network, jobs, business professionals, opportunities, connections"
JobOpps,"Description: Social network connecting business professionals with prospective employees
Tags: social network, professional network, jobs, business professionals, opportunities, connections"
CloudDev,"Description: Making the development process easier by offering a cloud platform as a service
Tags: hosting, cloud, react, cloud platform as a service"
HostReact,"Description: Making the development process easier by offering a cloud platform as a service
Tags: hosting, cloud, react, cloud platform as a service"
CloudWorks,"Description: Making the development process easier by offering a cloud platform as a service
Tags: hosting, cloud, react, cloud platform as a service"
AIDevelop,"Description: Researching artificial intelligence and providing tools for developers to access and use AI
Tags: artificial intelligence, api, research"
AITools,"Description: Researching artificial intelligence and providing tools for developers to access and use AI
Tags: artificial intelligence, api, research"
ResearchAI,"Description: Researching artificial intelligence and providing tools for developers to access and use AI
Tags: artificial intelligence, api, research"
ElectricDrive,"Description: Automotive manufacturer specializing in both performance and affordable electric vehicles
Tags: automobiles, electric cars, ev, renewable energy"
RenewableMotors,"Description: Automotive manufacturer specializing in both performance and affordable electric vehicles
Tags: automobiles, electric cars, ev, renewable energy"
EvAuto,"Description: Automotive manufacturer specializing in both performance and affordable electric vehicles
Tags: automobiles, electric cars, ev, renewable energy"
MarsRockets,"Description: Spacecraft and satellite manufacturer with space exploration ambitions
Tags: space, space exploration, mars, rockets"
SpacecraftInc,"Description: Spacecraft and satellite manufacturer with space exploration ambitions
Tags: space, space exploration, mars, rockets"
ExplorationX,"Description: Spacecraft and satellite manufacturer with space exploration ambitions
Tags: space, space exploration, mars, rockets"
ChessMatch,"Description: Learn the game of chess and compete online against other people
Tags: chess, online chess"
OnlineChessArena,"Description: Learn the game of chess and compete online against other people
Tags: chess, online chess"
eChessMastery,"Description: Learn the game of chess and compete online against other people
Tags: chess, online chess"
CreativeForce,"Description: Enabling creatives through software tools
Tags: creative, tools, creative tools, editing software"
EditPro,"Description: Enabling creatives through software tools
Tags: creative, tools, creative tools, editing software"
CreativeToolsWorkshop,"Description: Enabling creatives through software tools
Tags: creative, tools, creative tools, editing software"
GameLink,"Description: Connecting and enabling gamers through software offerings
Tags: esports, gaming"
esportConnect,"Description: Connecting and enabling gamers through software offerings
Tags: esports, gaming"
ProGamerSoftware,"Description: Connecting and enabling gamers through software offerings
Tags: esports, gaming"
SwipeMatch,"Description: Find love by swiping and matching with singles in your area
Tags: dating app, matches, sex, chemistry, swipe"
LoveFinder,"Description: Find love by swiping and matching with singles in your area
Tags: dating app, matches, sex, chemistry, swipe"
SwipeAndSpark,"Description: Find love by swiping and matching with singles in your area
Tags: dating app, matches, sex, chemistry, swipe"
CoinExchange,"Description: Cryptocurrency exchange
Tags: cryptocurrency, exchange, coin, token, ethereum, bitcoin"
TokenTrade,"Description: Cryptocurrency exchange
Tags: cryptocurrency, exchange, coin, token, ethereum, bitcoin"
CryptoSpot,"Description: Cryptocurrency exchange
Tags: cryptocurrency, exchange, coin, token, ethereum, bitcoin"
FastFoodFrenzy,"Description: Fast restaurant delivery service
Tags: food, delivery, gig economy"
GigEats,"Description: Fast restaurant delivery service
Tags: food, delivery, gig economy"
QuickDeliveryEats,"Description: Fast restaurant delivery service
Tags: food, delivery, gig economy"
SportsZone,"Description: A website focused on sports and sports culture
Tags: sports, reporting, news, scores, culture"
TheSportsCult,"Description: A website focused on sports and sports culture
Tags: sports, reporting, news, scores, culture"
SportsHub,"Description: A website focused on sports and sports culture
Tags: sports, reporting, news, scores, culture"
BurritoBros,"Description: Casual, fast food style mexican restaurant 
Tags: fast casual, mexican food, burritos, restaurant"
CasaDeBurritos,"Description: Casual, fast food style mexican restaurant 
Tags: fast casual, mexican food, burritos, restaurant"
QuickMexEats,"Description: Casual, fast food style mexican restaurant 
Tags: fast casual, mexican food, burritos, restaurant"
SportsStep,"Description: Sports footwear and athletic wear manufacturer
Tags: footwear, shoes, clothes, athletic, athletic wear, sports wear"
AthleticWearWorks,"Description: Sports footwear and athletic wear manufacturer
Tags: footwear, shoes, clothes, athletic, athletic wear, sports wear"
FitFoots,"Description: Sports footwear and athletic wear manufacturer
Tags: footwear, shoes, clothes, athletic, athletic wear, sports wear"
AthleticShoeCo,"Description: Sports footwear and athletic wear manufacturer
Tags: footwear, shoes, clothes, athletic, athletic wear, sports wear"
SportStyleWear,"Description: Sports footwear and athletic wear manufacturer
Tags: footwear, shoes, clothes, athletic, athletic wear, sports wear"
PerformanceFoots,"Description: Sports footwear and athletic wear manufacturer
Tags: footwear, shoes, clothes, athletic, athletic wear, sports wear"
TrendySportWear,"Description: Trendy online athletic wear brand 
Tags: athletics, athletic wear, sports wear, ecommerce, trendy, activewear"
ActiveFashion,"Description: Trendy online athletic wear brand 
Tags: athletics, athletic wear, sports wear, ecommerce, trendy, activewear"
eSportStyle,"Description: Trendy online athletic wear brand 
Tags: athletics, athletic wear, sports wear, ecommerce, trendy, activewear"
ShaveSmart,"Description: Online subscriptions service for men's razors and shaving tools
Tags: shave, cheap, mens care"
TheCheapShave,"Description: Online subscriptions service for men's razors and shaving tools
Tags: shave, cheap, mens care"
RazorSubscriptionService,"Description: Online subscriptions service for men's razors and shaving tools
Tags: shave, cheap, mens care"
DomesticMerchandiseCo,"Description: Retail store focused on selling home goods and merchandise
Tags: domestic merchandise, home goods, home decor"
HomeGoodsGalore,"Description: Retail store focused on selling home goods and merchandise
Tags: domestic merchandise, home goods, home decor"
HomeDecorHub,"Description: Retail store focused on selling home goods and merchandise
Tags: domestic merchandise, home goods, home decor"
VRHeadsetCo,"Description: Creating a commercial virtual reality headset
Tags: virtual reality, VR, metaverse, gaming, vr headset, vr hardware"
VirtualRealityHardware,"Description: Creating a commercial virtual reality headset
Tags: virtual reality, VR, metaverse, gaming, vr headset, vr hardware"
MetaverseTech,"Description: Creating a commercial virtual reality headset
Tags: virtual reality, VR, metaverse, gaming, vr headset, vr hardware"
EntrepreneurDaily,"Description: Online newsletter centered around entrepreneurship and business
Tags: newsletter, entrepreneur, entrepreneurship, tech, business"
TechEntrepreneur,"Description: Online newsletter centered around entrepreneurship and business
Tags: newsletter, entrepreneur, entrepreneurship, tech, business"
BusinessNewsletter,"Description: Online newsletter centered around entrepreneurship and business
Tags: newsletter, entrepreneur, entrepreneurship, tech, business"
DailyBusinessBrief,"Description: Fun business, tech, and current event newsletter released every morning
Tags: newsletter, news, business, stocks, wall st"
MorningMarketNews,"Description: Fun business, tech, and current event newsletter released every morning
Tags: newsletter, news, business, stocks, wall st"
TheMorningRoundup,"Description: Fun business, tech, and current event newsletter released every morning
Tags: newsletter, news, business, stocks, wall st"
OpenSourceGit,"Description: Version control and collaboration for open source software projects
Tags: git, code, software, open source, version control"
CodeCollab,"Description: Version control and collaboration for open source software projects
Tags: git, code, software, open source, version control"
GitWorks,"Description: Version control and collaboration for open source software projects
Tags: git, code, software, open source, version control"
EnterpriseGit,"Description: Version control and software collaboration for enterprise companies
Tags: git, code, software, enterprise, version control"
CodeCollabEnterprise,"Description: Version control and software collaboration for enterprise companies
Tags: git, code, software, enterprise, version control"
GitForBusiness,"Description: Version control and software collaboration for enterprise companies
Tags: git, code, software, enterprise, version control"
CGAnimate,"Description: Creating computer animations and animated shorts
Tags: animation, computer graphics, computer animations"
ComputerAnimationWorks,"Description: Creating computer animations and animated shorts
Tags: animation, computer graphics, computer animations"
AnimatedShortsCo,"Description: Creating computer animations and animated shorts
Tags: animation, computer graphics, computer animations"
ShaveSmart,"Description: Men's shaving and personal care products
Tags: cheap, mens care, shaving, grooming"
TheCheapShave,"Description: Men's shaving and personal care products
Tags: cheap, mens care, shaving, grooming"
GroomingCo,"Description: Men's shaving and personal care products
Tags: cheap, mens care, shaving, grooming"
HydrationBoost,"Description: Helping athletes hydrate and perform in competition
Tags: florida gators, hydration, fluids, sports drink, electrolytes"
ElectrolytePower,"Description: Helping athletes hydrate and perform in competition
Tags: florida gators, hydration, fluids, sports drink, electrolytes"
ZeroCalHydration,"Description: Low calorie high performance hydration for athletes
Tags: hydration, sports drink, fluids, electrolytes"
SportsDrinkLite,"Description: Low calorie high performance hydration for athletes
Tags: hydration, sports drink, fluids, electrolytes"
PerformHydration,"Description: Low calorie high performance hydration for athletes
Tags: hydration, sports drink, fluids, electrolytes"
OpenStreamTools,"Description: Open source broadcast tool for streaming
Tags: streaming, stream tools, live streaming, broadcasting, open source"
LiveStreamBroadcast,"Description: Open source broadcast tool for streaming
Tags: streaming, stream tools, live streaming, broadcasting, open source"
StreamSource,"Description: Open source broadcast tool for streaming
Tags: streaming, stream tools, live streaming, broadcasting, open source"
PongConsole,"Description: A gaming console which hosts the game pong, where users simulate a ping pong like match
Tags: pong, gaming, console, go"
GamingPong,"Description: A gaming console which hosts the game pong, where users simulate a ping pong like match
Tags: pong, gaming, console, go"
PongCo,"Description: A gaming console which hosts the game pong, where users simulate a ping pong like match
Tags: pong, gaming, console, go"
WebDeliverEats,"Description: Fast restaurant delivery service
Tags: delivery, web, internet, online delivery, grocery, grocery delivery"
OnlineDeliveryCo,"Description: Fast restaurant delivery service
Tags: delivery, web, internet, online delivery, grocery, grocery delivery"
GroceryGo,"Description: Fast restaurant delivery service
Tags: delivery, web, internet, online delivery, grocery, grocery delivery"
BurgerBros,"Description: Fast food chain centered around burgers
Tags: burger, fast food, restaurant"
FastFoodFrenzy,"Description: Fast food chain centered around burgers
Tags: burger, fast food, restaurant"
BurgerZone,"Description: Fast food chain centered around burgers
Tags: burger, fast food, restaurant"
OrganicFoodMart,"Description: Upscale grocery store specializing in healthier food options
Tags: healthy, organic, grocery, grocery store"
HealthyHarvestMarket,"Description: Upscale grocery store specializing in healthier food options
Tags: healthy, organic, grocery, grocery store"
TheOrganicGrocery,"Description: Upscale grocery store specializing in healthier food options
Tags: healthy, organic, grocery, grocery store"
KidsTVCo,"Description: Television network that shows cartoons and animated shows
Tags: tv, television, network, cartoons, kids"
AnimatedShowsTV,"Description: Television network that shows cartoons and animated shows
Tags: tv, television, network, cartoons, kids"
SweepSmart,"Description: Producing sweeping tools for a quick cleaning experience
Tags: cleaning, floor, sweep, broom"
QuickCleanFloor,"Description: Producing sweeping tools for a quick cleaning experience
Tags: cleaning, floor, sweep, broom"
ThePerfectBroom,"Description: Producing sweeping tools for a quick cleaning experience
Tags: cleaning, floor, sweep, broom"
RealMoments,"Description: Social network with an emphasis on sharing authentic photos and moments
Tags: social media, social network, pictures, real moments, authentic, photos"
AuthenticSocial,"Description: Social network with an emphasis on sharing authentic photos and moments
Tags: social media, social network, pictures, real moments, authentic, photos"
ThePhotoShare,"Description: Social network with an emphasis on sharing authentic photos and moments
Tags: social media, social network, pictures, real moments, authentic, photos"
NoteEfficient,"Description: Note taking software platform designed to help increase productivity and efficiency 
Tags: note taking, notes, productivity, efficiency"
ProductiveNotes,"Description: Note taking software platform designed to help increase productivity and efficiency 
Tags: note taking, notes, productivity, efficiency"
EfficientNote,"Description: Note taking software platform designed to help increase productivity and efficiency 
Tags: note taking, notes, productivity, efficiency"
AudioBookLibrary,"Description: Listen to a library of audio books
Tags: audio books, audio, library, podcasts"
PodcastsPlus,"Description: Listen to a library of audio books
Tags: audio books, audio, library, podcasts"
ListenUpLibrary,"Description: Listen to a library of audio books
Tags: audio books, audio, library, podcasts"
OnlineGamblingHub,"Description: Online gambling platform that offers sportsbooks, daily fantasy, and other sports betting tools
Tags: betting, gambling, sports gambling, sports, sportsbook, fantasy sports, online casino"
SportsbookPlus,"Description: Online gambling platform that offers sportsbooks, daily fantasy, and other sports betting tools
Tags: betting, gambling, sports gambling, sports, sportsbook, fantasy sports, online casino"
CasinoBetOnline,"Description: Online gambling platform that offers sportsbooks, daily fantasy, and other sports betting tools
Tags: betting, gambling, sports gambling, sports, sportsbook, fantasy sports, online casino"
StreetwearMarket,"Description: Online marketplace for streetwear and sneakers
Tags: marketplace, footwear, sneakers, clothing, resale"
SneakerCo,"Description: Online marketplace for streetwear and sneakers
Tags: marketplace, footwear, sneakers, clothing, resale"
FootwearResale,"Description: Online marketplace for streetwear and sneakers
Tags: marketplace, footwear, sneakers, clothing, resale"
HealthInsuranceAutomation,"Description: Healthcare software company that automates health insurance processes
Tags: medication, healthcare, health insurance, medicine"
MedicationManagementCo,"Description: Healthcare software company that automates health insurance processes
Tags: medication, healthcare, health insurance, medicine"
HealthcareSoftwareCo,"Description: Healthcare software company that automates health insurance processes
Tags: medication, healthcare, health insurance, medicine"
PayMe,"Description: Digital wallet that allows you to pay and request money from your friends
Tags: mobile payment, finance, fintech, money"
RequestPay,"Description: Digital wallet that allows you to pay and request money from your friends
Tags: mobile payment, finance, fintech, money"
MoneyPocket,"Description: Digital wallet that allows you to pay and request money from your friends
Tags: mobile payment, finance, fintech, money"
SubscribedNewsletters,"Description: Online subscription platform for distributing newsletters and writing
Tags: newsletters, subscription, writing"
WriterSubscription,"Description: Online subscription platform for distributing newsletters and writing
Tags: newsletters, subscription, writing"
NewsletterPlus,"Description: Online subscription platform for distributing newsletters and writing
Tags: newsletters, subscription, writing"
MobileNav,"Description: Mobile navigation and direction app with live traffic updates and alerts
Tags: navigation, maps, directions, gps"
TrafficAlertsMap,"Description: Mobile navigation and direction app with live traffic updates and alerts
Tags: navigation, maps, directions, gps"
LiveDirections,"Description: Mobile navigation and direction app with live traffic updates and alerts
Tags: navigation, maps, directions, gps"
SneakerResale,"Description: Online marketplace for streetwear and sneakers
Tags: resale, marketplace, footwear, sneakers, clothing"
StreetwearMarket,"Description: Online marketplace for streetwear and sneakers
Tags: resale, marketplace, footwear, sneakers, clothing"
FootwareCo,"Description: Online marketplace for streetwear and sneakers
Tags: resale, marketplace, footwear, sneakers, clothing"
GamePubs,"Description: Video game publisher and developer
Tags: video games, publishing, game developer"
GameDev,"Description: Video game publisher and developer
Tags: video games, publishing, game developer"
VideoGameWorks,"Description: Video game publisher and developer
Tags: video games, publishing, game developer"
EasyLang,"Description: Approachable language learning app
Tags: language, education, multilingual"
LanguageLearningApp,"Description: Approachable language learning app
Tags: language, education, multilingual"
MultiLingualEducation,"Description: Approachable language learning app
Tags: language, education, multilingual"
InstantMessenger,"Description: Instant messaging and communication platform
Tags: messaging, communication, text, group chat"
TextCommunication,"Description: Instant messaging and communication platform
Tags: messaging, communication, text, group chat"
GroupChatPlatform,"Description: Instant messaging and communication platform
Tags: messaging, communication, text, group chat"
VideoGameCentral,"Description: Store that sells video games and video game merchandise
Tags: video games, video game merchandise"
GameMerchandiseCo,"Description: Store that sells video games and video game merchandise
Tags: video games, video game merchandise"
TheVideoGameStore,"Description: Store that sells video games and video game merchandise
Tags: video games, video game merchandise"
WallStreetOnline,"Description: Online stock trading platform, opening up finance to retail investors
Tags: stocks, finance, fintech, investing, stock trading"
RetailFinanceCo,"Description: Online stock trading platform, opening up finance to retail investors
Tags: stocks, finance, fintech, investing, stock trading"
FintechInvestor,"Description: Online stock trading platform, opening up finance to retail investors
Tags: stocks, finance, fintech, investing, stock trading"
TheCoworkingSpace,"Description: Fun, open coworking and collaboration space for young professionals
Tags: coworking, office, office space, happy hour, collaboration, shared space"
HappyHourOffice,"Description: Fun, open coworking and collaboration space for young professionals
Tags: coworking, office, office space, happy hour, collaboration, shared space"
CollabHQ,"Description: Fun, open coworking and collaboration space for young professionals
Tags: coworking, office, office space, happy hour, collaboration, shared space"
SocialStockTrader,"Description: Online stock trading platform with the ability to view other people's trades
Tags: stocks, finance, fintech, investing, stock trading"
TradeViewOnline,"Description: Online stock trading platform with the ability to view other people's trades
Tags: stocks, finance, fintech, investing, stock trading"
TheFintech,"Description: Online stock trading platform with the ability to view other people's trades
Tags: stocks, finance, fintech, investing, stock trading"
HalloweenCentral,"Description: Seasonal halloween store
Tags: costumes, decoration, halloween"
TheCostumeShop,"Description: Seasonal halloween store
Tags: costumes, decoration, halloween"
SpookyDecorStore,"Description: Seasonal halloween store
Tags: costumes, decoration, halloween"
MiniClips,"Description: Short form video sharing social network
Tags: social network, videos, short form"
VideoSocial,"Description: Short form video sharing social network
Tags: social network, videos, short form"
TheShortForm,"Description: Short form video sharing social network
Tags: social network, videos, short form"
InstantMessengerCo,"Description: Instant messaging and social media communication platform
Tags: instant messaging, communication, social media, chat"
SocialMediaChat,"Description: Instant messaging and social media communication platform
Tags: instant messaging, communication, social media, chat"
TheCommunicationPlatform,"Description: Instant messaging and social media communication platform
Tags: instant messaging, communication, social media, chat"
TheToolShop,"Description: Retail store that sells tools, construction products, appliances, and home improvement products
Tags: tools, home, home improvment, construction"
HomeImprovementCo,"Description: Retail store that sells tools, construction products, appliances, and home improvement products
Tags: tools, home, home improvment, construction"
TheConstructionStore,"Description: Retail store that sells tools, construction products, appliances, and home improvement products
Tags: tools, home, home improvment, construction"